<?xml version="1.0" encoding="UTF-8"?>
<project-private xmlns="http://www.netbeans.org/ns/project-private/1">
    <editor-bookmarks xmlns="http://www.netbeans.org/ns/editor-bookmarks/2" lastBookmarkId="0"/>
    <open-files xmlns="http://www.netbeans.org/ns/projectui-open-files/2">
        <group>
            <file>file:/Users/kyleharris/Desktop/COSC457-ProjectOne-master%204/ExteriorSurfaceDatabase/ExSurfaceGUI/src/DBCXN/main.java</file>
            <file>file:/Users/kyleharris/Desktop/COSC457-ProjectOne-master%204/ExteriorSurfaceDatabase/ExSurfaceGUI/src/guis/Connection.java</file>
            <file>file:/Users/kyleharris/Desktop/COSC457-ProjectOne-master%204/ExteriorSurfaceDatabase/ExSurfaceGUI/src/DBCXN/DBConnection.java</file>
            <file>file:/Users/kyleharris/Desktop/COSC457-ProjectOne-master%204/ExteriorSurfaceDatabase/ExSurfaceGUI/src/DBCXN/ResultReader.java</file>
        </group>
    </open-files>
</project-private>
